,Train Predictions,Train Actual
1878,79.26922654557715,77.7
179,73.8132747968707,76.6
1227,82.94131012173838,81.5
647,77.58584304362041,76.1
2335,74.257157189489,72.5
888,76.38339491437686,76.3
490,76.83292235609579,77.1
804,77.45765669130083,75.6
1676,79.85314028032919,78.4
3113,81.36878036354537,80.6
1870,77.48573476914491,76.5
2064,75.77077235761357,76.2
934,76.52164829089823,79.0
1280,77.03796253094633,77.4
2240,78.44437599567475,77.6
946,78.62657850103344,77.4
93,78.11341755897637,79.2
638,78.21341713979695,77.0
2333,77.37445180336425,77.8
2248,77.35827190506099,77.6
1665,79.84260639918247,78.1
1867,81.57824242945743,82.2
3046,71.71025704978373,71.3
758,76.12956940849031,77.6
3058,79.67740698106802,79.2
2182,75.6383870031208,74.8
2864,77.07943780658128,79.6
3107,79.66426908143274,81.4
1316,79.04781470773045,77.7
2236,79.63883323062483,78.8
2814,79.30027813931481,79.8
1553,76.29333234557758,74.7
45,72.92058165227263,71.0
3055,80.08190985147401,79.2
976,77.35528182094875,76.3
2400,81.49412255082665,82.8
3023,73.75991626544833,76.5
1722,79.65393090203322,80.0
2022,79.54751826887727,87.1
700,76.68595549811442,76.8
1581,76.06686308221568,79.2
2917,75.90265106536208,74.9
347,78.94199126750559,79.1
535,72.04068983169653,72.4
1215,78.47382603950525,79.9
866,76.64507396335263,76.9
2549,77.7306100367457,78.5
326,75.57834680051822,75.4
721,76.30859036511664,74.7
610,78.64175298092152,78.6
1904,75.8976725313288,75.4
1210,78.16945750422882,78.3
330,80.73002574868774,86.1
2374,80.67680137329803,78.5
2962,75.62357932861467,77.8
608,78.93640303454082,80.2
399,73.19672761102589,73.9
2574,76.57204441012655,76.7
1748,78.3289703799945,78.4
927,78.97303829909247,77.9
2190,78.24602920978508,77.5
1730,80.20844792683774,80.7
256,76.25995801427364,77.2
2526,76.48121721484628,74.9
2963,79.18295099746862,80.3
2239,79.99453898553578,82.0
2942,74.48926232541592,73.4
3054,80.92844957263975,80.9
1472,69.68578655267874,68.0
2768,81.01535082117324,81.6
2429,74.36495987615572,74.1
1244,76.25936196627339,77.4
2992,75.15476529586454,75.0
372,77.64061947999913,78.1
1485,77.82813140132791,79.1
502,73.71449777047498,79.0
643,80.65995664146064,81.0
210,78.03908003447852,76.9
2950,76.1779141780464,75.5
3038,75.38948623389588,75.5
1284,76.97578904282781,78.1
62,75.61114999134104,75.8
2126,75.83076489281983,76.7
1807,76.88476955896154,75.6
2219,78.68912208160249,80.1
2373,79.00445522118727,79.8
1912,76.94668729098422,78.1
1289,76.22845373588552,76.9
1352,79.56045684553298,79.0
1505,76.0134587126693,78.0
1880,80.91767732728346,80.1
1090,72.3072269034063,72.0
3059,81.04912062961652,81.4
1046,74.11036763937325,74.2
1703,79.66880173771631,79.2
1982,74.13097641457861,75.5
1077,72.02133984491012,73.9
2013,78.74472709850673,80.7
2393,79.61155765024024,77.7
1511,76.93803091487862,78.3
2686,78.18344471811277,78.2
435,71.17891745501713,71.8
800,78.90802291720857,80.5
2883,77.69372729243126,79.7
1776,79.77343764297267,79.1
294,77.88725224109304,76.2
1330,79.56197160315641,79.3
148,74.24771868808044,73.0
2492,74.44708659357104,74.4
2338,78.71650369757025,78.0
1987,74.68335443238637,75.2
2327,73.66515634364697,70.8
3123,78.31861829721619,79.1
839,79.52518456921933,79.9
1596,73.66332296383955,74.1
2700,77.08216654274221,77.4
1378,78.34539487057012,79.4
308,82.24284799676418,82.1
266,79.25306854546307,76.9
1542,75.27048456407952,78.4
2818,80.0108636846945,78.8
765,77.21254232188875,76.6
1547,76.16321155254933,75.8
947,77.51872355358259,74.5
497,75.7454629508667,73.3
2873,78.1050058670258,77.6
493,75.35585384144106,75.7
1361,77.23158995242036,75.6
292,79.01135932758639,77.5
2989,79.83612149902147,81.0
1908,77.57005490542866,76.7
2466,74.00343447088996,74.4
966,77.29903629936558,75.9
1863,79.92544530933594,79.5
980,77.43172204794827,75.5
955,77.62792489511827,76.7
3003,73.64873753668769,76.6
2475,71.12050750033909,72.0
126,74.90196993779365,76.1
1154,72.6829491482261,72.7
2978,78.21406266152947,76.7
232,78.21217063379385,75.9
2602,80.4329702124899,82.3
3078,80.51000115016014,79.6
2498,76.44069748025873,75.6
2798,83.6961851760852,85.5
641,80.75562319183426,81.2
1348,78.84205659471962,77.4
1167,71.22897442158741,73.1
2761,78.0539636574202,79.0
2433,75.67024389187725,76.0
530,74.88384582305456,71.4
2292,76.90394728692291,76.1
1601,79.42801421661754,81.3
2981,79.75902458475714,80.2
2835,76.8635149576924,78.4
1269,77.37128235991369,78.6
468,72.19470833459052,74.1
1111,72.36658555741823,70.9
1355,79.22968389319755,80.3
2545,76.39026692573175,76.89593099
1510,78.40377025110152,77.8
525,72.79263414687226,73.3
1209,79.59914479607961,79.9
1237,76.55453263744114,76.4
1669,79.03827587725218,79.3
114,79.33281738581381,79.5
591,81.23578772771208,83.5
2797,79.18364125120901,76.8
170,74.97767782248454,75.6
2900,76.70971557071006,75.3
3062,78.83666977242135,77.8
1123,74.68151940681373,74.4
1929,77.03705596181074,77.7
2207,76.47751486278526,76.1
754,76.05407104135706,79.2
559,78.96250623812816,79.6
135,74.17677469361566,75.3
1025,72.48732565706106,72.2
1506,78.25473393501217,78.7
161,74.95229951332767,75.2
1462,71.2941321725126,73.3
1062,74.50848446959806,74.7
2565,81.57560271794517,82.2
2698,75.0853225414475,75.2
1147,70.34536875913204,70.5
2194,73.04752559620258,74.3
2514,73.18290170980961,73.7
1548,77.03213731799032,76.6
189,79.52843621488317,77.6
2139,78.80931160897356,78.0
1805,79.43370681389283,75.7
933,81.7669582813525,81.4
160,73.14302063506592,74.9
2610,78.95753636773335,76.89593099
2055,76.77771713185017,77.5
2479,75.20166443699277,73.6
2717,75.91258821219478,76.9
738,75.85335991731789,74.4
770,78.22964695714663,78.0
165,74.66919641226787,75.2
556,77.95889566733027,76.7
2544,78.82694737633248,81.3
76,76.11763103013395,84.3
1380,79.56259228799486,77.7
1988,76.89816271449845,75.7
2821,81.34945012790405,82.2
3088,78.9798087839489,78.4
2278,77.61163519829014,76.6
1412,73.53905510221496,73.1
2848,82.1382204872581,85.2
2645,75.13017132246672,75.4
2760,75.63300352438004,74.8
467,72.72474762674864,71.9
1137,74.09353865000722,74.6
928,77.42965971920108,79.8
272,79.32711509573618,75.7
1653,78.62329521149185,77.3
1495,73.27960350064626,72.7
2364,71.63124851346414,71.1
2403,73.95843609740108,73.3
151,74.3873074237087,73.1
2175,73.03917103255134,72.4
1886,78.42009324774789,78.3
910,80.97401693931953,80.4
2894,79.01217865715206,81.3
1872,81.04781571545955,81.4
155,75.22463354611882,74.7
950,75.53937976132934,75.0
581,76.43933982342814,76.3
803,79.27408027302556,79.7
2839,74.8809083104174,74.4
3119,80.80836306947307,80.8
2563,76.76175348411418,77.6
1936,75.64527876334849,75.4
2384,77.2418213971945,74.7
1422,73.18481870185207,69.2
1813,79.28830096811777,79.2
692,77.23550684017441,77.6
2703,74.5307689370964,74.0
2148,75.04410817115385,74.4
3027,73.48440247540229,76.7
402,76.50010409212739,77.2
1892,77.79707957732613,77.0
2313,81.73349821063977,82.0
822,77.89878067611403,78.9
2627,80.05676030955095,80.8
1314,78.69203432531118,78.8
705,75.49092931830666,75.8
911,77.51795408783126,64.7
649,77.50837560699756,77.8
2641,77.28585982334103,75.6
2362,79.99970542524869,78.3
1656,76.68042923454396,76.89593099
3070,79.07291126629134,78.2
284,79.5702742689901,76.89593099
2592,78.55580887266568,78.2
1791,81.79177469636258,81.9
176,76.79591087938792,75.6
2750,74.17688386400447,74.3
1637,77.31005192909767,76.89593099
315,79.4101265311612,78.0
1933,76.69507107055605,76.5
1024,71.92954268605936,77.5
670,75.75959459807564,79.1
3141,78.81940715343762,80.7
2310,78.54579048105248,78.6
1102,74.57458453167574,74.7
1145,75.88537936603448,76.2
2746,75.40553484325929,76.89593099
1711,77.96794211081439,76.89593099
560,78.98875564899564,77.2
607,76.05665534971337,76.5
2994,71.01465683028667,71.1
3072,78.56115915475972,78.1
1011,77.38106374093358,77.3
1120,70.9391490373083,70.9
867,78.894258082212,79.2
558,79.82401921719287,81.8
281,80.33628891646042,79.2
2804,80.19333070667238,77.0
2382,79.13134834239852,80.6
425,75.96237962386519,74.5
1632,78.3947953155179,76.89593099
2074,77.43686321030555,77.5
2620,76.91311015041825,78.9
1572,74.44105105550845,74.3
1778,78.48983721194693,76.9
1679,79.27655877977877,80.2
401,78.05559323066792,75.6
1651,77.07587583779568,74.7
456,72.74924103917519,72.3
1697,77.25360733409626,75.9
2530,78.36360475268494,78.2
751,77.19986716831167,76.1
1459,73.12909117849006,73.0
1471,74.85587447765913,72.2
1264,76.88378978781552,78.4
1925,77.04185897327349,77.4
3021,69.8255750630409,70.1
1532,76.03134005552748,75.5
2990,81.33865152512203,80.6
2724,74.16862855983068,75.2
1170,74.6382550433995,76.1
2369,68.73650920039712,61.1
2715,74.79684380464025,74.9
111,72.98350110466016,72.9
2273,76.63342674215185,75.3
2016,77.69179759360279,78.0
1522,75.82816592593515,74.6
1457,71.3035355321839,71.6
1008,73.88429903774615,73.0
1414,68.11186633056097,68.6
1644,77.62391530855989,76.3
1173,72.18365758810728,72.9
3024,75.14380822491074,75.5
2419,80.15392552796874,91.9
2353,73.61103278497167,72.6
2543,79.42931409480346,80.0
178,72.83134753836922,75.5
2220,77.93169716082242,77.7
865,79.01241754698033,78.4
1954,79.1573707527207,79.1
1687,78.29254491034592,77.8
1512,74.60060245558539,73.9
122,74.82340742110311,75.2
2723,76.88523627258981,76.1
10,73.97860499594128,74.4
676,75.94672597818315,75.6
2649,78.16684656867396,77.2
1812,72.82592321888924,67.9
1851,79.68888443197896,80.7
366,75.786411247667,75.9
2664,77.54545906962619,77.6
2816,79.23272755610566,77.2
1714,78.84069157736319,78.1
819,79.70662064090008,80.7
1952,79.08783585270601,79.1
3042,71.98353937779042,74.3
587,77.72261395871581,77.7
59,72.22061763884724,71.9
2294,75.36383325082627,75.3
368,78.27318884251638,79.3
577,77.42198824462642,79.4
859,78.57683634398018,76.9
297,78.0023791822458,76.0
968,81.08895510463417,80.5
1646,78.77506103682649,83.7
1516,77.68548959349909,75.7
1622,79.93558817870321,79.2
2727,76.7569681452664,75.7
887,77.43671142945769,78.8
2591,77.46213728538577,76.2
452,75.65881448122735,78.3
169,74.31838483338744,74.3
3036,72.17117556359523,74.1
872,80.22959289264105,83.3
190,80.0948859270402,79.5
1617,78.66498897618028,85.5
984,78.20513573527334,76.0
3043,73.09241357106796,75.2
257,81.51884799043418,77.2
1045,73.80832296703517,74.6
2522,78.10713646633808,77.5
1869,78.9103405823175,78.8
1671,78.40619432434153,78.3
1474,72.97933355909218,73.0
1565,75.94677714120748,76.7
429,72.50848686145261,73.0
267,80.22062875837835,80.6
1219,79.76911434076581,78.3
471,75.7250147841167,73.8
2156,76.21684307820944,75.4
2468,75.1197120528502,72.9
2983,80.57525073111913,80.3
2155,74.53052332073209,72.3
2208,78.54959191431888,76.6
2391,79.13449454472394,79.5
1489,74.89976342646749,78.2
2672,77.49899317917735,79.4
522,72.32410548818092,72.6
1802,78.01702966429201,78.6
703,77.96412318976623,78.3
1984,79.3678395103955,81.2
83,78.95783613629884,79.0
1014,72.36628029409714,73.5
1905,79.4102425722587,79.6
2888,76.33347980797731,75.6
249,79.69565255509804,74.0
1725,80.71953150075855,77.4
1109,72.3411708450774,75.8
1473,74.84460643303005,75.3
414,79.60424303427227,80.2
1019,71.90205744156042,74.1
1670,77.09666144063512,77.4
2417,79.2906888736947,77.6
2309,77.57212592843153,76.1
1818,79.03884536383472,78.5
1182,78.47083096918918,77.9
301,81.3176917274113,93.6
779,75.33372508315823,75.0
2378,78.84022960706852,78.2
2953,76.90666199733653,80.0
2795,75.71826048915732,75.2
956,79.1856252030118,76.6
1799,76.21407180891602,76.9
1375,79.73788082649716,79.3
848,79.89812136705524,81.3
2395,78.85704229810088,76.89593099
2741,75.16493380050024,73.4
1736,79.04555719250322,76.89593099
1043,73.4842986649318,75.4
239,78.22267109288471,77.8
2769,78.57368833411016,79.2
1421,76.92392294795842,75.9
1193,77.03133594847861,75.5
398,75.71891096089378,76.4
657,76.40975482871605,75.1
269,80.11102403325494,86.6
716,76.68522802760343,78.1
1376,78.9374547313727,83.1
1257,76.49877000778261,77.8
970,77.83167361670338,74.6
944,78.50981988241031,78.7
3112,78.90884289260576,78.8
1555,72.3928527062572,71.0
1344,77.80344716867154,78.8
423,73.43658932028501,74.1
786,76.84713391866529,77.2
1502,74.59482335539366,72.5
1857,81.41685258873359,81.9
1431,73.23407998817187,73.2
1135,74.7174800965419,75.1
989,78.036928852941,80.3
2646,74.98613675132201,74.2
1877,77.99835507927367,78.9
2671,78.05837171314192,79.4
2971,79.9464431873845,81.3
1151,76.81166887228959,76.7
724,75.84966117668206,75.7
2396,70.69716821643124,75.0
1862,79.50777262632724,80.1
2531,76.13895359418743,77.4
1253,78.22814948718172,78.5
2697,76.13135547278019,75.8
2844,76.2320494635949,78.6
1116,77.33065135805352,78.6
852,77.57249870972603,76.5
1149,74.45749300097575,75.9
1181,78.83250148529683,79.5
1751,76.79513508584215,76.89593099
1075,71.4121538798718,75.3
2970,80.49226849145752,80.1
2747,76.16915361365517,76.2
2728,77.5237433163926,76.9
780,75.4458321620109,75.4
1023,74.5340279731951,76.1
2614,76.3670548120412,75.8
2896,80.26120302276162,78.9
2831,79.5808673591259,79.7
33,74.50135375014266,75.5
708,76.48134121406389,75.8
1139,76.11489741480891,76.7
124,73.77669877217906,73.9
1057,71.489419024758,69.2
349,78.71396770585555,80.7
1310,76.3053432092865,77.5
2066,73.89571431281729,73.8
633,76.5559441045239,77.3
1666,79.61324656478097,79.2
1094,73.37877842805634,73.7
3091,80.45250472737077,79.4
2507,74.9957806822785,74.4
1828,79.76586392283849,79.4
2819,80.09888400666765,79.1
2607,77.74816582723484,77.6
2845,75.74699106638482,72.6
376,78.76657448696766,77.3
2461,71.65119425808302,71.8
1222,79.98221321427647,79.6
672,78.88778681159286,80.8
92,80.62544327253627,78.0
2414,78.81623008645653,77.7
3017,74.47109112829557,75.7
2922,72.26446061842894,71.4
870,78.2063196811024,78.6
396,73.223756467393,73.9
30,74.23108917253982,72.6
2020,75.62627441384598,70.4
1822,75.60596352064124,72.1
1329,78.14743006969543,82.5
592,77.80427440432327,77.2
2920,76.86383694079822,73.7
64,72.8737386300424,75.3
2405,77.7529722959039,80.8
1562,77.11538253287736,77.3
182,77.68256856508728,78.0
2575,74.25400692822757,72.2
1195,78.33100006407342,77.5
1603,78.14941143520507,76.89593099
2726,74.70403317955486,76.8
651,79.64181538012815,79.4
38,76.34790899206902,75.9
397,72.67026307627266,73.0
1563,75.52497822009123,76.2
2859,75.92118967572108,74.0
580,78.09592035274005,77.4
34,73.98665849908116,75.6
1262,77.002770815211,77.4
3,74.09201832282915,73.6
1840,78.95417046910849,78.1
1926,76.73151533918055,75.1
363,80.08926742017648,81.5
1773,78.89814789451314,79.7
767,76.14338487140562,76.3
750,76.21518398534734,77.2
1956,77.38777120668105,76.2
1945,76.24410243050289,76.7
2114,76.37537307182491,76.4
907,77.48305579847064,78.5
85,76.89003443273589,76.2
1177,74.27694414284137,73.8
2636,75.44523775157313,74.0
735,76.04404505112994,75.4
879,79.0873776135505,79.0
1627,77.64257442475818,82.5
2367,80.15398091728889,80.0
278,81.28468052093675,82.0
2111,78.38646269951148,79.8
2740,77.69403113674342,79.7
2348,76.39041138702423,72.6
1766,79.5339184472706,79.6
2659,76.68614023722643,79.2
1713,78.78214418290956,78.2
2097,76.09279479237499,77.4
97,77.72671344122045,78.2
673,76.83281084779551,77.0
2495,72.69663450016299,73.9
1678,77.09026908211946,79.3
388,72.77505078312544,73.1
1821,79.92216223344751,81.0
2904,79.09559320796023,79.3
1174,75.72745509010609,77.1
2379,78.4432261710866,76.6
2860,74.85268594579003,74.8
901,78.47630728543562,78.4
3015,69.01075992453364,67.7
1088,75.16846057513932,72.3
1767,78.01969871284177,77.2
123,74.72954586588273,75.1
2948,78.47164428207687,77.2
746,76.76414430570931,78.0
1944,78.19518035479142,77.0
2250,76.832825074162,76.5
2355,77.42440220378089,77.0
2787,80.11011363673283,79.3
407,73.16613946271401,72.4
1920,78.25262353294683,78.4
921,76.678729827957,77.6
1981,80.87573240719853,81.6
518,74.08671465820396,76.89593099
1941,76.22401027408306,75.6
1930,75.4314666469432,76.9
2056,74.21817335124051,74.7
3056,78.37971321734273,78.3
2751,75.71740593547396,74.9
73,73.62960947603946,70.2
2812,80.80005103915089,80.5
1389,78.32202405941806,78.2
141,73.87295515754379,73.5
213,81.44768728372131,82.1
930,77.27737107484933,78.2
1336,79.50960205389927,80.4
2933,77.25326858267078,75.3
2505,75.68649682774911,75.4
1029,75.22839210221878,75.6
483,75.8967679883873,75.6
3103,78.71195686607969,79.1
3006,74.85783858995426,74.4
2010,76.6750598356137,77.9
2603,77.59811368063133,76.1
140,74.82539797198707,74.0
609,77.28377662593515,77.7
1034,73.85350137218235,74.9
2058,74.65300914820773,75.4
2253,80.35050305477594,78.8
3037,74.06162237717811,76.0
856,77.63544815314374,76.9
813,77.96041968106736,79.4
2699,74.20804170715641,75.4
1800,76.24854902496753,76.1
2046,74.05488200453605,75.2
1648,78.38982757981799,78.2
1478,74.91586080357098,72.3
1420,74.41216941990179,72.5
807,78.172962718642,78.2
1362,79.62319586198063,79.3
2478,73.32500505801701,73.2
508,76.27393483762499,76.7
1203,77.16634246480251,77.7
2210,81.29289539711097,80.9
2017,78.78949820766495,78.2
1551,78.06074717194984,76.5
1194,79.19035016792324,79.1
1734,76.99465912180618,76.5
2286,77.75196847644845,76.2
702,80.14297340446257,78.2
2443,74.5006923387307,74.1
2300,77.59529502799613,77.4
37,74.20538338294618,75.3
103,79.49543575969416,79.6
3083,80.13970005838965,80.1
1064,76.99454311268121,75.4
1735,78.20112723659946,80.7
1793,79.92680008029801,79.8
2710,75.11742757623624,72.5
3099,77.27978391792337,79.7
877,77.90551780943994,76.8
332,77.01295425409158,80.0
328,76.78587725049391,74.5
230,79.40695874132298,75.8
426,71.29356549358054,73.1
2738,77.37779055481029,76.89593099
2471,74.76768594702975,73.9
440,72.8187902643846,74.0
897,74.86938158037387,77.0
1479,76.32910433169407,76.0
671,73.53389785573466,74.0
2794,81.180203809088,79.3
1300,79.92458259905547,81.3
2907,77.00222533623175,74.5
2822,76.06125138094177,75.5
2164,74.47886841262263,75.3
1275,80.24154085399462,82.3
2662,75.0533751726375,73.8
2854,76.47826984162062,73.7
1782,79.99692753815795,80.5
1076,74.71629171009262,74.7
112,73.51530945780168,73.8
1704,77.92820373696998,79.1
791,78.64637146009493,77.6
3069,79.42850884497258,79.6
2629,75.65814670247516,74.6
1681,79.01540163007701,78.6
1613,82.87186334851404,82.6
1480,71.04395420753433,69.9
2958,80.39030150886863,79.6
2005,79.6218213742092,78.3
752,76.21248649970525,75.9
252,80.75681306266124,81.9
274,81.34653407042435,80.3
1411,70.52916248757914,71.0
1643,79.1695562504657,80.9
1172,72.99610118692645,71.0
1590,74.78125401694038,76.5
827,78.31483906134675,80.4
1934,78.59913757425574,79.0
1272,76.82947105680907,79.3
993,74.33968302565061,74.7
1133,72.58778469923593,72.3
722,76.74553319120074,77.0
2399,79.47972711457439,81.3
2704,75.23435268908216,75.4
1041,74.20339919610642,74.5
1515,76.0482060873327,78.3
2457,75.67550788654407,73.9
2571,76.80586437020649,77.0
1456,73.26790732942882,73.4
2397,78.27052049841457,79.9
1368,81.30011694601697,82.1
177,75.57771856978049,75.7
2931,72.03614121322046,70.2
1106,74.31643346593467,75.2
2365,81.38625454473018,80.0
802,78.57686764589882,78.5
603,75.7338198761371,76.4
1211,76.10036583898352,75.8
2707,76.62246631075627,76.4
810,78.70570763704515,79.3
2096,77.5384430527589,78.5
393,76.98144954318549,76.6
1393,76.85720788355378,77.3
906,76.95621603606071,74.4
739,77.83289500278407,77.9
152,74.03440104211268,73.9
1980,72.3047507460986,73.3
1466,74.80266447163422,74.3
344,75.9555272323244,77.7
2596,73.59661760298297,77.0
317,79.1306940342427,77.9
2011,77.47907609225152,84.4
1467,71.59505691428349,68.5
1917,78.80104027475538,78.1
1150,73.71483330317436,73.6
2771,77.78658780069235,76.4
1559,78.78943371810492,78.6
645,76.16272392206942,75.1
871,78.90061562839847,79.4
723,74.93955316616731,73.2
572,78.81353350044702,79.7
974,77.25679377292197,76.5
1964,78.04342362022115,79.3
573,77.37021144616789,77.0
2800,77.59014439454637,75.7
2696,77.71373146241464,76.89593099
988,78.3083280791681,76.89593099
511,72.92065413851951,73.5
1107,76.75274303297145,76.7
2644,77.55572371036997,84.4
2386,80.41005174458775,78.0
1843,79.07184360624261,79.7
2735,78.52856090129387,77.7
1084,74.28219601312955,75.3
2290,78.7077747743967,78.0
2434,72.84131308269457,71.7
640,76.99535123964505,76.6
1749,79.91761903290049,81.1
419,79.25458416971472,80.3
659,78.48049289803627,79.9
2169,74.70390509608728,77.5
417,73.98871736897962,76.0
472,74.66536842749072,75.4
438,73.95460535113484,73.7
595,78.20777770228715,77.8
1095,73.3334826716507,73.7
501,74.38496888298812,73.3
1097,73.40686375785664,73.2
1228,80.79296844617409,79.4
855,76.79328918112743,75.3
351,76.71301846473432,76.7
2255,76.00238395470257,78.2
918,75.00689875211366,74.4
2830,78.37481169872116,76.9
203,80.60428278571176,78.3
55,74.26365486754551,73.9
3009,74.12996568174995,76.1
862,79.37098556389932,77.0
3050,78.9288687849028,79.7
698,76.13460222595417,76.6
2808,79.0999152275954,78.4
849,79.20747823250527,79.3
2186,74.01509237872425,72.4
2538,79.3580876279005,79.2
3110,78.74010859362696,77.3
2199,75.30871051968053,74.4
314,81.97629500870534,81.3
1261,78.71443154629596,78.4
1397,80.3967005195127,77.8
2947,77.33573289932257,75.4
60,73.80115247296739,72.9
2358,74.95470705960466,74.3
400,74.18538717461755,73.8
40,77.11541933947461,77.7
2304,76.63946300814162,77.2
2634,75.8950801432636,75.7
2178,74.62858866026286,76.2
1212,79.31126098617769,79.3
2288,78.61631584616482,78.2
336,78.06739456836148,79.1
1923,72.75876546303815,71.9
120,75.72406142018008,75.3
1098,77.42464360664728,77.0
279,81.58655862181806,81.7
2513,75.27670397931831,72.5
2217,77.52445307324423,76.8
2340,72.3012874083194,71.5
3004,74.56560304151184,74.4
2051,77.0224716762392,76.4
697,76.1074177173427,77.9
2323,77.61724469348596,78.3
3031,77.06878425974294,76.2
1298,74.65643238838571,75.7
2108,72.65477627192305,72.0
2690,77.58188915437579,76.5
2621,75.91504370320847,75.3
1612,79.69001118051936,79.1
2874,75.47782274571665,75.1
630,77.49459335331761,77.6
81,65.32857835508044,67.7
2090,74.80058340722302,74.6
761,78.25968374244823,79.0
224,79.3891402454608,77.7
983,77.42329688609935,75.5
1825,77.26269869192306,76.5
1325,79.10819553382711,77.9
2485,73.56808940824064,74.4
2765,76.6099913227903,75.2
1557,77.91294358937539,79.6
755,74.79436889549572,75.0
2301,77.51870451511236,78.5
685,76.94141609865005,75.2
1012,74.42195307216267,74.7
1416,72.67673899096938,70.6
1334,80.57389651682169,79.8
961,77.95881916140935,78.2
2935,79.69048464982299,91.6
2880,78.06436082690502,78.1
1214,76.81822533733133,76.1
2438,75.851656004854,73.8
713,76.16969110575337,76.4
1171,74.13657479791908,74.2
1633,77.26920979222638,76.0
2261,77.8119560863486,78.0
1937,76.74073019729357,75.6
1975,76.24783860917647,75.2
1185,77.45895742673353,77.4
778,76.29548167600406,75.5
2725,73.69672194017708,75.2
2637,73.90933244398354,82.0
1556,76.44560424214156,76.0
1829,78.57404492675087,77.9
2081,75.8838926395094,75.7
1444,74.56212306934275,73.3
548,79.08366529489025,76.89593099
1765,79.80324063025589,79.7
1365,81.10826822959258,81.5
2781,80.20149104357155,76.89593099
979,78.85687025704506,79.6
2512,75.66745083175101,74.7
689,78.49405686508472,79.4
790,77.90129952089266,79.7
936,77.72934887305148,75.9
2388,77.85647652326243,79.4
231,78.36231132565928,81.0
588,78.30929967599812,77.2
2846,77.23372749056583,76.7
2833,73.80101076850313,73.5
1554,75.51509353482763,74.6
699,77.55159493568726,78.0
3068,79.69121367810433,78.9
602,77.94804448044952,78.1
2515,73.70525500576683,71.8
2071,77.87082640366353,78.5
300,79.8892380206971,76.89593099
2440,73.71796830712486,73.1
666,75.85629810225598,76.8
2567,77.13160167819024,77.1
1491,75.33674838859481,75.2
434,76.44943967879911,77.1
2256,77.62132536254182,76.2
1536,74.33801274126373,73.6
2805,80.06291396915017,78.1
1028,70.62951730484129,70.3
2060,75.1944332032835,76.5
2748,78.05973528290025,76.8
270,81.36676425482308,83.9
3130,79.73747888809059,79.0
1726,77.51731893807484,78.1
2171,75.61316547360755,75.9
826,79.7259966106664,79.0
1039,75.6661933083662,76.0
1410,74.14368344633624,73.6
2173,74.78305254240678,74.3
1741,78.61384081190302,81.3
163,75.55227919464039,76.2
295,77.73457107857853,75.1
2446,76.50889005472703,76.3
138,74.6941141385666,75.1
1114,73.66416789998341,73.6
3128,79.59450385109218,79.9
2035,80.03556873068364,86.0
2578,74.90983903609211,75.3
1864,77.6438332409478,77.5
2018,80.18003148893548,81.9
1811,73.51785213557109,74.9
57,75.74351661782491,74.7
2153,75.69261826619257,76.2
2525,76.0737730671438,75.1
1297,76.32240967382843,78.0
2851,79.4298017854341,80.4
2280,76.54025168833212,75.8
2966,77.202376985971,76.7
3127,77.94423368096741,72.3
217,79.32985192248621,77.4
377,79.88351100827319,81.5
2714,76.73707326004303,77.9
1593,73.21178325391233,74.4
1,77.46636939903128,77.7
3101,77.75025891061537,77.7
2082,73.2783154280458,72.1
601,76.477856304588,80.4
1575,75.573387304267,77.4
23,70.14352691565541,71.1
287,78.93849772307168,80.6
3012,72.98640862981006,73.0
1769,80.33311442254934,79.4
3086,70.45193997213366,69.5
1429,75.28130157058774,74.2
648,78.37134089356572,76.8
730,75.44686589445108,74.1
1706,77.32065681558839,73.7
1606,77.88531063311915,77.5
2687,77.34753655993089,76.5
1582,73.86205626133165,74.4
1059,71.26768038881887,70.4
247,80.27316515379184,82.6
77,81.2386809798514,81.1
337,74.91576242043709,76.7
1186,78.40138388395161,77.1
262,83.19746485509503,83.4
992,75.81101926502028,76.6
405,74.33648481209735,77.2
322,76.2681180388053,76.1
369,80.35939590718432,82.2
2287,76.1441196178276,76.9
1446,73.30164238920644,72.7
893,75.54751486180344,75.9
1005,75.1277749302313,73.7
982,76.57843675591137,79.8
1343,79.5325472135943,79.6
2500,75.94324368120841,74.2
2168,75.0052622607153,71.8
1258,79.24040794454238,79.8
1373,79.15368322794922,78.1
2380,79.65582525075175,82.0
3011,73.8002532661583,72.5
1694,80.40700254218542,81.2
394,76.89326838743527,75.4
1588,75.82815195719218,77.3
91,77.71963507748215,77.2
2770,75.28651925874593,72.5
1056,72.51866883555999,72.2
324,78.88367966851447,77.4
1138,73.89812828888306,74.7
1049,76.15502355271225,77.2
361,80.5672044117019,81.8
2349,71.33925908930809,70.7
1388,80.62576515350683,81.5
2576,75.24656195541598,73.6
1259,77.06390472531157,76.7
1350,78.8094168447933,81.2
2285,76.89434124108715,76.9
794,79.6471878603177,79.4
719,76.1945882768276,74.8
406,77.40085391192594,78.1
1873,78.59822417022811,78.7
952,75.62041207808245,71.7
661,80.70413877351233,80.7
2716,73.98365377452606,72.0
2736,73.08246990694104,76.0
2511,75.08384966843933,75.0
545,73.98114475616298,74.2
2275,78.31776146295542,77.6
718,78.12119771553924,75.3
2898,79.045021740602,79.9
204,80.97694305202566,81.3
1893,75.51689077858383,77.3
212,80.00052565256983,82.2
2807,79.4795651048883,77.7
1728,78.37273356999185,76.89593099
206,82.91594157102827,85.2
2665,76.71583225638135,77.0
1040,69.91083807135165,69.1
268,79.59618922430529,82.5
2598,77.99916092102526,79.2
569,78.6368675362542,79.0
2339,75.61723132043417,74.9
430,76.65041713499998,79.9
1537,76.38400128163511,75.9
1640,68.37577037602635,64.5
1761,79.06659221116354,78.2
109,79.38287973048578,78.4
1935,74.66331150989461,74.7
1861,78.93933733590451,79.0
321,75.62963049520886,75.5
550,80.06416414455633,82.9
2660,77.44977770594234,74.3
2547,76.88907702479193,74.5
2265,77.40483670668071,78.2
1131,69.83244885069452,71.3
2595,78.15126420242973,79.3
3115,78.90779838047025,77.1
329,77.75179323144539,77.5
2423,79.20814909090997,78.0
2120,74.56101775121972,75.2
1047,70.67175436086328,71.9
311,81.44349446748596,80.8
1953,76.07217177584535,75.1
3136,80.6021345764718,81.2
532,72.78335589531808,71.2
1898,73.87842546407006,75.6
1518,73.93871401075316,75.4
1013,72.09427206293668,71.3
2997,74.27608853805376,71.3
890,76.8629630861833,77.7
2849,79.7066808161793,80.0
2952,77.6465337677028,77.0
298,82.39182970750988,84.1
3124,78.54580276629768,78.8
2259,77.78740423382828,77.5
1539,75.7394439606688,76.1
2523,77.44393882969067,73.2
3060,79.2070348248958,77.7
146,74.95022185615261,75.5
914,79.74916730324676,78.7
923,77.37768726985522,76.89593099
1250,76.15780619628062,77.5
2782,81.87063329801063,80.2
853,78.58961540130355,78.6
772,76.87929565698082,79.3
568,78.59004694600107,79.4
2026,80.28299671643782,76.6
44,78.04078392677158,77.4
2622,76.17915282155464,75.5
1426,68.75052887179554,69.0
1061,72.33153603234965,73.1
2682,76.43051910871162,72.4
2151,74.90968560360395,75.4
1876,78.46243208800077,80.0
2975,77.70012992124157,79.2
1538,75.4116028245365,75.1
1906,78.81927904716962,77.1
2166,75.1617287716484,73.1
1621,76.37979445489529,77.1
977,78.35479040641096,77.8
2604,76.73162041245143,74.9
183,75.34198145231626,75.2
2101,75.78653734097878,78.1
3082,79.04197535113376,78.6
1208,77.36854913767324,78.5
2109,77.22249006691166,77.8
1308,76.74582086148828,77.3
2370,77.31060929728363,78.3
2791,82.51480308806889,80.7
241,81.34579524739779,82.3
2344,76.45407612937596,77.1
2295,79.2284637499515,79.7
2695,74.29341262730424,74.1
1307,75.01472328497323,77.6
1126,73.48234172529762,74.6
2110,75.5902429067301,75.7
1740,70.65312269329515,66.6
1351,78.75879630141289,80.3
905,76.16712087252444,75.2
43,71.44994361037573,71.3
818,76.27288604183731,77.6
2326,74.06862471676403,72.7
2359,73.75090309123915,72.2
2537,77.89442383712765,78.1
2976,77.01098066369745,78.1
2302,77.06195471472064,78.4
1085,80.56756499733054,79.8
2305,76.73653257939115,78.5
280,78.85432871900794,76.0
1884,79.74030833022805,79.7
1540,77.12356815946451,76.5
367,78.58216275978072,80.2
621,77.43442274896643,76.3
2200,75.91068085177889,75.0
131,70.71932029666435,72.2
1001,78.80696990643699,78.9
98,78.66898250334913,78.0
2297,77.0570989747079,75.0
2762,75.3405467104311,78.5
1427,70.12171828545864,70.2
1948,74.49064002140324,74.0
1693,78.06957370164076,77.9
1413,73.72868933038427,75.7
2127,77.36655874119147,77.5
2982,78.5412139122548,82.6
2780,79.15989456994629,75.6
1500,76.29300063899036,75.9
184,72.89354548327438,72.5
240,80.85907438841998,78.3
2346,72.87066871854356,70.4
2283,77.48570762949109,75.7
1248,74.08907107470328,74.3
1033,74.17644887489274,73.6
736,74.89487892969662,73.7
2203,77.20502203760606,78.8
386,74.89660256699725,72.8
915,77.02116602072246,77.5
196,79.35685091421158,77.3
1179,81.50444795068297,80.2
457,74.73298062966255,73.0
422,79.22076542829018,80.1
2409,78.62127454778128,78.2
371,78.36936213938989,78.8
1779,75.22046401137149,74.6
6,71.46605310909348,73.5
2458,72.12902313148797,71.4
565,77.97413082566763,78.7
563,77.34621638893937,76.89593099
2918,79.19202686480028,80.0
1842,78.15805674532174,78.0
2007,80.384439697062,78.6
1256,75.73558981197048,75.3
1992,70.26102035059077,68.4
1758,75.42520600724724,74.1
2643,74.4588241886583,74.1
253,78.32503387265827,79.0
246,80.80057181096062,80.6
2539,79.02312082471934,76.89593099
479,78.31095822097107,77.5
625,76.87438977484564,76.7
1263,77.73215755041892,77.6
1957,80.78180813374063,82.1
1668,78.79930563353132,79.4
2244,78.60795573126157,79.6
2509,76.17957871297222,74.9
1229,81.36175065030703,80.9
1129,73.6726873249818,75.3
1354,79.47039315123168,79.2
2892,80.51806550666592,81.5
2095,73.74885608326798,73.3
596,71.70683106635396,70.5
612,77.24892818916382,79.7
2293,78.01329221419525,77.7
845,79.74831248433618,79.6
2580,73.89771255061363,73.2
1719,77.558941687724,80.3
1614,76.81070984424922,76.89593099
942,76.89021314930733,77.3
945,78.50875227684602,78.1
2206,78.86126438880552,75.4
1338,79.24591564255203,79.0
1234,76.66364750195521,77.8
234,81.97011367374319,82.0
2503,73.12596936217071,73.0
116,74.56659304629198,72.2
3007,75.0364618479781,75.5
2889,80.49474575391594,80.0
313,80.69856818962606,79.5
2172,78.43703926381316,79.1
1657,77.18404644262573,76.89593099
2136,75.12529610406838,71.7
416,71.53760440064711,73.5
1386,80.12979293424675,81.1
1092,74.13903128427181,73.9
2117,76.58462497457379,76.5
1731,80.2536306050414,78.8
186,82.27240649615024,82.8
2685,74.9041819442549,75.8
2181,73.76909483942228,72.1
309,80.2568704808796,79.4
1200,76.60446840764088,77.8
1153,73.93656870766875,73.2
50,73.406167056325,75.2
2037,77.95546697901871,77.4
618,76.92598825345186,76.3
2569,76.92502124047756,76.0
1175,74.45761257920029,74.4
2077,77.58822773472954,77.4
2315,81.27407529094253,80.8
53,73.93133885849016,73.9
2615,76.87874883428974,76.6
1010,76.36655528591456,76.8
1188,79.15202365709985,80.5
2785,80.41676601478703,77.7
3089,78.74931383604726,79.0
2733,78.89281426900757,80.4
847,77.57498391601054,77.4
2198,73.23281913663811,73.8
2158,76.2469709465526,76.9
1224,81.13737156019667,80.2
1140,74.1558160931947,73.1
143,75.44837878043728,74.5
2890,77.10992204772265,76.0
2483,72.32267284733568,73.6
1899,74.1059612514352,74.7
265,80.2576245769087,78.1
1943,73.89770123799751,73.6
2606,75.57059134149016,77.0
1520,77.08717317306106,76.2
2179,74.45078842862507,74.1
2135,75.5916763426382,73.6
1680,77.49277866658889,76.8
259,78.1239925068267,77.1
654,76.82995068208055,76.3
2984,79.70178355011741,78.3
513,75.18669812585667,72.7
1180,78.65032191451336,78.2
3131,77.58131494976627,76.6
1976,73.00981672752218,70.6
2861,80.14249788705804,79.3
3040,74.88837122638989,77.8
1341,80.77606420434768,81.5
167,73.93126266996904,74.5
2320,74.59251299241753,72.3
811,78.36604672662232,80.4
68,82.19910614894525,91.5
2927,78.2775072009836,77.5
1156,73.76331899932397,74.7
1443,74.38406291054007,73.2
1959,76.60473414791446,74.9
338,73.97761268205545,75.5
1924,77.24077165127467,77.7
1951,76.12027069951459,75.5
1695,79.05571619214653,81.4
3094,80.46961527507841,81.3
1332,81.16948173255662,81.8
3104,78.07759289829733,76.2
2411,79.04501020453388,78.7
1683,79.18590547239218,80.8
3030,74.70307090604143,76.4
158,71.30046017696792,69.7
788,77.17229924630308,78.8
2608,77.91833223551163,77.5
1496,75.54959334956203,75.7
2813,80.14932601523955,80.4
370,78.51155170955924,77.4
1788,79.67773306685707,78.5
1315,79.66485452140192,81.0
726,79.14902704836416,79.0
1650,78.1756234461892,78.0
1240,77.85548355907704,78.2
2683,79.5356088628999,82.1
2308,78.25229728380506,77.6
1965,76.50729432633625,75.0
1744,78.39890026282372,77.0
63,73.39986097704505,69.6
2631,76.88636856527674,75.2
383,77.89578931385694,76.6
637,78.76664139233685,80.5
46,74.20045696878216,73.1
1914,73.60931719451152,73.5
1377,79.0001367406684,80.1
2337,76.11150722773345,75.3
823,78.02561620138084,78.4
1198,80.76285102658954,78.5
2739,75.81354470138321,76.89593099
333,74.31819973349315,75.2
1285,77.05600241552641,78.7
1623,76.11881818103215,89.7
731,76.30025817026282,76.7
629,76.52132100811822,73.8
1591,76.33464363790443,78.6
2230,77.62672894158071,77.4
775,79.17735793460689,79.4
2758,78.37553980361986,78.1
159,74.25977781391478,75.1
830,78.38489179435959,79.1
1445,78.54989925151432,76.1
1278,76.82789230656783,77.0
2491,75.61104188210979,79.1
251,82.73296636776523,81.8
2406,81.05678208180413,84.5
78,80.1738357958715,79.2
99,75.40141949552961,72.7
929,78.41908104598662,75.4
2093,74.30718991297695,75.0
3022,77.99707021858192,79.3
1288,77.11365369598717,77.4
1281,76.66439583447327,76.9
841,78.90133948603989,81.3
835,78.02320663234971,76.2
2079,75.32939507146232,75.3
331,74.68312418510962,75.0
614,77.87499050244573,74.9
1409,72.29007919964428,73.0
1514,74.9665100770764,73.9
2688,78.0847873704056,77.9
2474,77.56569867686386,75.8
2663,75.2036220833297,73.7
2104,77.27483826305816,77.8
2487,76.46196791239147,76.2
481,74.21130937380941,80.7
2551,76.12942841057212,77.7
2623,77.67696457985126,79.2
2460,76.5482450844514,77.0
95,73.14191413879912,72.5
1419,73.99780932258471,74.4
1408,73.66571005826836,75.0
1488,75.33838050160868,76.0
1207,82.03427654056703,84.0
29,73.94155891165236,73.7
459,75.15729641523161,77.3
2224,77.17802989448921,76.4
2303,80.50262883779408,82.1
20,74.31453157157371,72.6
477,76.0187839446602,80.7
1837,78.52815830483567,79.1
2,73.09537467655697,72.9
951,78.88888531710629,78.0
2341,76.54664845763556,76.5
263,82.60148244748343,91.4
2516,74.33466560694464,74.1
2757,76.55961060717402,77.3
3140,79.18376417981415,78.8
1113,77.61251057990083,77.6
2612,75.71307416193035,76.9
448,74.45264028642819,74.0
389,73.53778620959004,72.5
2594,78.32276733312753,78.1
2674,78.1625650881298,76.89593099
1973,76.83797452937183,75.3
2924,81.48488733395384,76.9
1305,75.89284936698817,76.1
2170,74.35745303053034,73.2
2083,74.71984708895495,74.5
2722,77.31480103936315,75.6
2332,71.05244215163822,70.6
1044,74.85113964318818,74.9
2669,74.64424517356481,74.2
1879,78.06033494994709,78.2
2694,75.3257686579443,76.3
1985,76.15502325343677,74.7
948,78.53601061485762,80.1
812,76.77002777123049,77.4
1639,78.93849395990105,77.2
1108,75.49748131896807,75.6
2159,74.49698288722733,71.5
506,71.13435856848797,74.7
2618,74.78537907779439,77.6
2742,77.85436680476226,78.6
1081,73.65377012039828,74.7
1260,75.41029755830101,76.8
2072,74.6507299169326,75.0
2773,76.51367670854225,75.6
2482,73.68680499227415,72.2
1950,76.70748123017984,74.7
1739,78.31322188612612,76.89593099
264,81.02038868013028,82.4
2416,75.5971932592263,74.2
1721,78.89520573222937,79.2
1674,78.59674548418309,80.3
2967,80.78359838377672,81.4
2866,80.66166894346954,81.6
584,77.72393461880081,77.5
957,77.74205543871496,76.8
2882,75.98595979070998,75.0
245,78.49155855946533,75.1
1302,75.83079288525155,75.5
355,78.06328653702148,78.7
2249,78.10797140528749,79.0
296,79.94815269227279,79.5
2366,81.5625103917032,81.0
2764,76.93554552957123,74.5
3135,80.05780458258442,79.1
2054,73.67616058055128,73.9
564,77.74587550838561,78.7
2254,77.0287550317931,75.8
658,75.6305766051512,74.8
586,78.83875645273834,78.4
2025,78.24723996196752,76.8
2142,70.90324076495104,72.2
2599,74.95271994714551,77.5
885,77.43207931965043,76.3
2871,74.40629805483226,74.0
932,77.23407995325624,80.2
959,79.55590311654363,76.8
1349,78.4557165697385,78.7
782,77.35132262197956,78.5
2852,77.24493148214938,77.6
2197,73.82290721045092,71.0
2347,78.51599066538714,77.7
760,78.54729543614174,77.9
2929,76.3366171126331,76.2
860,78.86083011801352,78.7
737,78.6564089595122,77.7
1396,78.21552054847552,79.1
2128,75.66110232758858,77.1
342,74.53612869459697,75.4
1580,76.14497132498555,76.9
1191,76.89539993262295,75.5
1058,71.41455175713743,70.3
2940,69.52713901873925,66.2
891,76.64800249336075,75.5
2121,75.36134602321849,76.6
2032,68.70964086757212,65.2
783,79.15607057184273,77.4
498,76.90279806225365,77.7
949,77.9228757983574,78.4
2426,79.42775666809679,79.1
615,77.72224599363825,79.2
796,78.37332031786552,78.8
424,78.04064370916565,78.4
1742,80.29568964444829,81.0
1599,69.97883558667927,66.2
2343,76.53306017803682,75.7
1962,75.55346293756587,75.9
1619,79.9835948569458,78.3
1164,73.73372926098145,74.0
133,76.51101433512136,76.3
1519,70.91934174590716,70.9
2424,80.97442156686542,80.0
2708,76.01502009002567,75.7
1618,74.76033491401596,76.4
2810,78.19579258302039,79.8
2628,78.7227039126818,80.9
3033,74.77466271760501,76.4
1384,80.27718409445285,80.2
2059,73.87758201401266,75.3
821,78.46347815274335,77.8
644,77.93345170658355,76.5
250,83.4331428561634,82.6
1418,74.08750789894454,72.9
749,79.40984061162901,79.5
1958,77.5784399553988,76.3
2262,78.13227736767449,78.3
214,81.64494301511435,80.8
2281,77.93167394283161,78.4
1031,74.20573157673994,72.8
1654,78.23453602863938,77.9
1074,76.69468353692788,75.8
26,72.98122739155988,72.2
2490,76.1727688980958,74.9
2098,74.99821531012695,76.9
846,78.78595471433118,78.3
2125,79.99921362282547,79.2
2160,77.23983855131327,78.0
1901,79.34091472013442,78.4
1187,76.8960302530997,77.2
290,80.25580414605929,85.7
2550,76.44043109491784,76.5
465,75.42401959947962,75.7
2427,71.96868603443416,76.9
2076,74.48745758693141,75.6
1497,77.22049694130588,76.9
1022,75.33981057920796,76.5
766,76.08794633316236,76.6
373,73.7314792269061,73.1
1476,69.24450659302583,68.7
58,79.62454637376935,80.3
1631,79.17384186713258,79.9
1070,74.01326749240293,74.4
1312,73.82471417273607,74.3
3052,79.49091892162743,81.5
350,75.25935362377226,73.0
2902,74.99276477928757,73.0
2402,81.45107325566082,83.9
3073,78.26265904016591,77.1
2811,78.718231611085,78.8
1271,78.00586403649898,79.4
1320,79.75922609237556,80.4
2215,78.52503844477513,77.0
1501,77.38330469965841,76.7
688,77.96853020403871,76.6
2829,78.75309999136607,79.1
2988,80.55388633304413,80.2
3080,77.59435041417784,78.8
202,77.53531505736422,74.8
1789,78.88993792047438,78.9
994,74.59030382336996,74.7
555,76.46759633775024,74.8
2709,75.14377752017403,72.5
2504,74.4398190481765,76.7
2705,75.16436500667514,74.1
2442,73.14406459897587,71.0
2589,75.46258652088036,74.8
926,76.29696319933075,74.3
554,77.78218819656011,78.3
22,75.0788445393799,74.9
2489,73.54031169905653,73.7
375,78.56224854292128,80.0
428,78.4835186191587,77.4
1979,79.46871126527662,80.0
2371,80.00527226985992,76.89593099
1143,74.53590966384212,75.1
2743,76.89165778405548,74.9
842,77.69300068437025,79.4
1855,78.32955046949473,79.3
1461,77.61441082592137,78.2
2129,77.69865232787426,78.3
3044,73.52393047541608,76.5
2235,77.73523584124074,81.7
539,75.58010442854876,78.3
1196,78.81037977187503,79.4
3114,82.12169908366438,81.1
3116,78.26085372103134,79.1
732,75.23082388703858,75.2
628,77.27976210652761,78.3
2042,78.41041933029943,77.9
2473,74.06375226183772,74.0
1918,79.31132356738613,78.9
742,75.29390906754824,75.4
1616,76.97827768498381,76.89593099
2616,78.35142957143941,79.5
831,77.93283043379084,75.8
1608,78.861533069624,79.3
2195,75.91921378333402,76.6
1833,78.59942271696889,79.1
1358,80.04732398526718,81.9
1783,81.77609787120646,83.2
13,74.20794668966823,72.9
759,75.8257233583714,76.4
663,76.80595831815403,76.7
2778,80.03548777194169,78.8
334,76.61819697076487,75.5
1543,73.70787356470748,74.0
656,77.19802573123843,77.2
1607,78.32172012068551,82.3
1997,80.52204721056808,80.3
463,74.58932787525573,73.0
2412,66.31573179935715,62.8
1492,75.05137500862044,76.9
2154,76.53929205766036,75.0
1772,79.27855135483945,78.2
1017,74.79229608696635,74.1
1568,76.08117482177818,75.9
227,81.38132361299556,81.7
1053,71.41337354260212,72.1
674,76.0220989361596,76.7
1755,78.8493041630736,81.8
2734,77.1949779087987,77.4
2906,77.03222803167348,79.1
215,82.28142002845692,82.8
385,77.10618913231842,78.4
2656,74.82291687132268,76.4
2279,79.31759484510937,80.0
484,75.00314939803904,76.3
2901,77.43094103915028,77.7
2993,75.45540779254972,74.9
1490,75.83548399733492,76.2
557,81.11522383490939,85.2
711,77.7482251658845,77.3
2506,73.46650114564001,74.2
2027,78.35347306911112,78.6
981,77.51471248795534,78.1
3093,79.34941347725105,81.8
491,74.97950605262784,75.0
2991,77.34673428043233,77.0
1155,72.52633329041925,73.8
1440,71.76003197662911,74.6
574,77.48528885365842,78.5
341,77.10697234903206,75.0
2228,77.90070840958309,78.0
1353,80.19077671110053,80.9
516,74.15750945471335,73.3
733,77.08790921516973,77.0
2163,76.36489036331793,74.4
3029,74.60256029242271,75.3
208,78.9345085531675,78.5
3005,74.11936746299563,75.2
2361,78.15748670126409,77.9
289,77.4846590072572,72.1
2820,75.43571018075369,75.3
79,78.69799724487223,80.2
2788,79.13630676340675,77.7
1303,75.11932326025011,76.1
2229,78.79191082240047,77.7
1065,75.58343186420989,75.6
2306,78.76995445066372,77.1
205,78.57795774641258,79.1
1545,74.71151125616794,74.6
1688,77.71276820647267,76.0
2651,77.64349848583903,75.9
310,81.40988703261176,79.2
2024,77.62058177280537,80.9
2972,78.23585805563796,81.5
1189,76.28244045558584,76.6
2790,80.04316662020301,79.7
1255,74.10893682143059,74.8
2587,76.37280125525116,72.5
1401,73.25405921929233,72.5
2012,78.80451997489764,80.8
2201,75.55072666491371,74.8
2944,76.16320035039377,77.1
1827,77.52376951200641,76.5
2582,76.11994425424243,73.9
3047,77.77255935716263,76.9
2529,76.51332492565358,76.8
1887,78.61549437434397,78.7
1403,74.08904993858545,75.9
2540,77.27008918874046,75.6
2233,80.6827853674853,79.4
2247,77.05594024568114,76.5
1463,69.77578974834768,70.7
2289,80.79436092914837,80.5
2004,78.58387182697471,78.3
908,77.90511173846379,78.1
320,79.04293446377272,78.6
875,78.35886320541262,78.2
635,75.86372353248649,75.3
624,74.34503460501172,73.2
1921,75.60525427027711,77.8
89,80.74017526145563,80.9
2548,76.70635885378836,76.3
1858,82.08456646367625,83.7
2276,76.68378455781892,77.3
2496,74.33108050621756,74.8
2063,81.34984341615565,81.7
318,77.83686999462238,78.4
28,73.96388554969306,73.1
61,72.85958549748686,73.9
2752,75.9564165948063,75.7
1304,76.55747286763805,76.3
107,78.5086256428282,81.8
600,78.05002428201708,78.1
1760,79.02051266823311,82.9
1036,73.72457608977348,74.7
1270,75.29118547820437,75.7
455,77.64509050801512,78.8
2876,78.77671703739863,78.4
2719,77.19574429722724,76.89593099
1337,78.52676202218701,80.1
2009,78.47970052530201,79.4
2183,75.0017244649893,76.3
3028,74.83375474536147,76.6
935,78.36530242090242,66.0
1940,78.185272407318,77.7
2542,77.69769533824916,79.0
1163,74.25482026842043,75.2
49,72.11543635176882,73.3
2350,72.38651500965243,71.4
543,74.17895295385132,75.2
2165,74.3962366946747,73.0
1705,77.68344881322606,76.89593099
2157,78.17062351696983,74.6
589,76.97402185113846,78.1
771,75.0354919652284,73.8
2908,74.95577066956668,72.7
480,72.71171294474651,73.1
1634,75.97185861589178,76.8
2318,71.87230333846253,71.2
1252,77.98052096934391,77.7
117,75.65109307422668,72.9
335,76.33415396374373,74.5
1915,77.99280686923349,75.7
2824,76.66847436732185,77.3
418,71.30868802779638,71.5
462,76.91650466189475,76.5
2867,77.28138729360539,74.0
2930,78.57740240739074,79.4
378,79.89098859727363,80.5
2597,77.3017490822888,75.7
620,75.81065931597342,78.1
2502,77.12640830604141,77.2
3120,79.05990274677504,76.4
2441,73.52742843755132,73.4
1629,80.85793215535021,79.8
2600,76.71349817354526,74.2
421,74.57948167709523,73.4
1159,72.66277409168572,73.7
1006,70.52932432196782,68.4
2996,75.17338916265143,75.8
415,76.88409072146978,79.1
3039,73.87928127903585,77.1
931,79.23206797396449,79.6
1086,74.59994766983766,74.5
2885,78.00691798266166,77.4
356,75.28938312526066,75.4
1586,75.78991345778208,76.3
1885,79.26339441709655,78.9
776,77.29810619022223,77.0
777,76.67983586900364,76.0
579,81.23213167542092,82.8
2277,77.95137161559201,78.9
523,74.8168207824878,74.7
514,76.74249123026713,73.8
2075,75.27739431206732,75.7
2869,78.3768305210879,77.1
785,74.67901672759388,72.9
2008,77.68187925164202,75.8
1900,77.97720406101556,79.2
2202,77.2166940719079,76.3
2675,77.39938062841529,75.1
1242,76.06092171483562,76.4
1331,79.0152220653864,79.5
1405,72.76077670697768,73.4
2150,76.46501436425909,74.1
727,77.18608468077566,76.9
2520,74.34069514221369,74.5
2619,76.97276425584039,75.3
1000,69.8628344303989,70.6
88,77.25467403825694,76.4
2577,71.78824092135818,76.9
1083,72.26671559689751,73.5
1684,77.40121130503007,76.0
900,77.583388188096,74.6
360,76.64479709051834,75.6
2878,77.60184868224889,76.3
1961,76.61614710385551,76.5
653,76.78986162648401,76.7
1795,79.05394444330568,77.4
1922,78.4567383297395,80.0
1438,73.08142225043693,73.1
1037,74.5830634159626,73.8
2258,81.5055989354541,81.2
1247,77.43457374530668,78.1
2570,78.76110658095418,82.6
1529,73.76506642148799,74.3
254,81.51166023917497,83.5
2048,76.38711266904131,77.9
1871,79.88938299928236,79.8
1184,78.90910785812021,80.2
1868,81.1308639160952,81.8
75,77.35623368299264,84.4
2049,75.76255269031915,75.9
1585,74.7948288336613,75.3
1063,74.1409621320635,74.8
1576,77.03496596826145,78.7
411,76.56208849907985,77.6
1570,75.41702638205636,75.5
3087,75.70980449532928,75.9
453,78.74102039511463,80.6
884,80.53006403061902,83.5
886,79.12754464809154,80.1
1849,77.83280924945288,79.2
2162,73.39173777246874,72.5
1148,73.66907787733031,74.4
1541,75.30361061610746,75.2
174,73.75248563553998,73.2
2312,79.68388564237831,79.0
1395,82.08585932005343,81.9
1128,71.19229307395061,71.9
1475,72.44935896683285,73.2
1176,79.26243414778739,77.9
3121,76.76663311213721,77.4
1754,75.18212756464906,75.6
709,74.75372693611348,74.2
3032,73.28887681378595,71.5
1931,77.30508952830225,77.8
2639,75.6530204700741,73.6
1560,73.35942274390145,75.9
1604,78.33161314555855,77.1
2331,73.85455723484749,72.7
1916,76.08136411913267,75.7
494,81.5062894458811,80.6
507,72.92627822344798,73.2
282,79.9092970007327,77.7
2269,75.43765853899875,74.9
715,77.74408010558166,79.2
1831,78.97973133298616,78.1
904,77.58574862233829,73.7
1677,78.00365614736869,78.3
2345,74.57396534082864,73.3
2453,75.93230968798376,75.2
147,71.72123307202402,74.2
1124,72.92898421424825,73.3
2754,75.60740029140419,76.0
2311,81.48482237649242,81.2
2893,76.55155384521517,75.3
2401,80.54883138243235,80.2
2266,78.71460562386314,78.0
2910,77.01054673546763,76.0
1415,73.19123916250568,74.0
2843,78.84842065542585,78.4
3095,79.00169526010546,78.8
1292,76.3752660820894,77.6
874,77.58866594104175,76.5
978,77.49492226447171,78.2
524,74.20585930088427,73.7
2260,77.66803710239218,77.2
913,79.25901688048987,79.9
619,77.99794794185756,77.7
2141,75.15685445838916,75.1
1759,78.8700605184633,77.7
1508,78.84698723453978,79.1
2143,76.42620606560291,81.8
1296,76.97079790238045,77.2
1321,79.67483456045463,80.0
1690,78.38773872157316,76.8
2564,75.44506261670766,72.8
2394,79.74337866774682,78.8
2652,80.64298502308625,81.5
2019,78.88543735571072,78.0
1398,80.10433934190587,80.9
47,74.66539430003903,73.9
1824,77.59560829477552,79.4
3074,79.57459633741813,79.5
1115,77.4636215773057,78.3
2527,78.20726816394293,80.3
2103,76.08811627216745,81.2
413,72.70012099367753,72.2
2635,74.61004263842443,76.0
1910,76.05369831466147,76.3
2410,79.78459527817428,77.6
2745,73.84769506907958,73.3
199,79.25962402289021,78.7
924,76.61650102717954,75.3
2436,75.04365594841084,73.0
277,78.24079846097807,86.5
242,81.24299233492705,81.4
142,75.57960031614614,75.9
312,79.26866305004935,79.2
509,76.56862979850655,80.3
857,76.68819324860694,74.9
35,74.7574417402539,73.3
2721,80.56883006325765,80.4
1803,76.7702658366576,74.3
646,77.9086634546244,78.3
869,78.59441370152025,79.0
1387,79.09968676565184,81.4
1835,77.5494970952483,76.4
2521,81.97893691326092,81.5
2899,74.70134901924429,75.5
1112,69.9657223156097,68.0
2360,72.0757017154606,71.2
999,73.540461796909,72.0
2872,82.32388683391036,84.3
1383,81.78001906809904,82.4
1955,73.42455347441506,75.9
566,78.23887518134678,77.5
2232,77.83821468176076,79.1
597,78.01328177434648,78.4
127,75.44220675946261,76.4
1202,80.78825134521786,80.2
2832,75.73083353980857,76.2
379,77.87180999217296,80.2
1895,76.79934789107651,78.2
3100,77.61962705090276,77.6
611,77.3577160042541,78.9
2837,76.94629235519317,78.0
1487,74.53940418732108,75.2
1745,76.74907878131044,76.89593099
32,71.68308139960526,72.5
3129,78.87447891447576,78.0
2626,75.60090015098821,77.4
2921,77.0194071204551,69.6
1533,77.60780156332878,75.6
598,78.82442408557144,79.3
1841,79.88928711504522,80.1
2325,78.51634937714745,78.8
1142,75.73956026992333,76.7
1367,77.9281374376007,77.6
2517,77.51904425525433,75.2
1689,77.26899408825214,79.8
1598,80.24203424776479,81.6
2174,77.91950028012329,76.4
128,71.1255636387133,72.2
940,78.04975981620119,80.2
2668,75.80058718624653,77.1
547,81.03064338720807,82.4
2234,79.59423261405621,80.4
119,71.7688398611164,72.2
769,77.11518476814862,76.1
1814,77.2228792002644,77.1
997,74.56892610105464,76.5
197,79.33830399012469,77.2
218,80.16496233523036,80.0
2881,79.85789874887863,78.1
1756,76.74483707001346,76.2
576,79.36749572442606,79.5
2783,78.13848847752944,76.2
2099,75.19708863619799,74.6
420,73.71261009828423,73.5
962,79.6079557017148,80.8
469,75.38554505780047,74.1
622,75.18235138841537,74.9
725,82.12512923757478,81.6
2886,76.2544795558547,76.0
352,77.65505173460387,76.5
1573,72.25848807447953,73.2
889,77.0931198153653,76.5
1236,76.32996202907124,77.4
701,74.6526393149577,75.0
156,73.88201278126539,73.6
2657,74.78546119277699,73.9
1696,76.66089778300022,76.89593099
2376,69.10502861287173,64.1
1747,77.22488188717126,74.2
1370,78.84969552955852,80.2
173,77.92984047518547,77.3
995,74.2709813118717,74.7
1753,76.65658567917274,77.0
1989,76.2911670238908,77.9
1015,72.59699435646647,74.5
1947,77.77421055383194,76.7
1371,78.05455164295974,79.0
2684,75.08344498744108,75.4
2112,74.64097127695692,75.6
2243,79.77442084582427,80.0
1287,76.05596848528103,78.5
2107,76.5059843717817,75.2
1660,76.95018046122483,77.7
2420,78.5356703874015,76.89593099
843,79.27404738510651,79.9
3016,74.994762117983,75.6
2532,78.31973706080838,78.7
1221,81.10324066125845,79.9
1339,78.57869492666583,79.6
2067,76.43639977642636,76.6
1213,76.66551485839153,75.9
2014,79.43133291117206,77.5
1996,78.5402482088789,83.3
1534,78.14222374971283,78.3
1435,73.70859198992163,77.1
1313,75.97994270929993,76.9
541,76.77727538415778,77.2
836,79.53443127382504,78.5
1340,81.69941500568899,80.6
2390,79.3166437465823,80.8
2763,75.86397535159821,76.4
1317,76.87255975103754,76.5
861,77.97888207105379,78.6
1999,79.69156656636792,81.0
1810,83.37987339215744,83.9
3053,78.20696544379298,78.9
286,78.12903251009615,77.0
917,77.38844253471872,76.8
243,78.71645451500632,76.3
1717,79.58109180213748,77.0
2583,80.5971109566391,81.7
2307,79.2083690556129,78.2
1020,74.50213455660612,73.2
1322,78.81516644806257,78.4
1994,80.43429986511681,77.3
552,77.55680146334181,80.9
105,74.0476976477429,71.4
451,74.49314120533263,76.0
164,67.2641279242396,69.5
2749,81.16379021000685,81.4
2959,77.96589057516168,79.0
2003,79.09545835191787,73.4
31,69.19557706930242,72.9
445,75.329225317167,73.3
1960,78.39408445836538,77.2
2692,75.72786926900677,73.5
2185,77.03448690167414,75.5
437,77.62849489721435,76.7
973,78.15543214251257,78.3
969,77.93639282171647,77.8
1692,78.05812006045402,82.0
2863,75.9936742108376,74.4
975,75.96997368738695,78.1
1050,73.65196404747142,71.9
1134,71.25369347287672,73.1
343,75.9110356357799,79.1
2916,75.69762157552539,74.2
2946,78.88633410178322,75.0
1594,75.14304935286324,76.7
1032,74.08130912705755,76.1
2706,78.65536658557866,78.3
1294,76.21025680361117,78.3
129,73.22577247838505,72.1
745,75.80643916303244,75.0
2023,79.65784900889594,79.5
2756,76.4788960840181,76.1
7,74.38604858609233,72.8
96,73.48083740359249,70.1
2536,76.47941114260679,77.5
1927,76.11391604284987,76.0
1249,78.87097447121592,81.1
2558,78.09921570435397,77.3
2803,81.49351259543675,81.8
2678,76.49877701024934,77.1
2133,73.76718840815369,75.3
1381,79.70478129961774,78.3
102,75.40550699386017,77.7
1732,76.7544855878917,76.0
2556,74.74277431959197,74.7
2431,75.80325120982236,77.4
820,78.18415302248181,76.7
2488,74.4294815015672,71.7
12,71.8125203014841,71.7
446,78.04038972456004,79.0
1830,77.82436331174118,78.0
512,73.5422401423437,74.1
764,75.35791968102144,75.1
1183,79.79792370677075,79.3
486,73.52902327475898,69.5
1205,82.12435029026317,82.7
531,77.60971171635411,78.9
166,72.81855086569965,70.6
2062,76.86162693047063,77.4
220,81.08062462604711,81.9
2823,77.75446506569581,74.8
2799,80.1982088159289,78.4
2094,79.3372465787384,79.9
2100,74.45020263029518,76.1
2105,75.53764215133482,77.4
1544,75.64183056179299,76.4
1201,75.08537015550671,75.6
87,79.09896023238365,80.6
3077,79.6728565219284,80.8
2450,73.73999629187588,72.3
1991,79.7411920663421,77.0
899,76.91814347914642,78.3
1360,79.27193126921463,80.7
2356,75.77662326759697,77.2
2449,75.79272462455985,74.7
2755,75.33174453492039,76.8
1030,72.68367622745038,69.1
464,78.28369723627983,76.6
3041,73.46660208133356,73.3
1630,77.67228388165547,77.2
1391,78.91279959401875,77.2
816,77.8374198597823,77.9
2856,80.73677625968351,81.0
2802,82.3758819928697,81.7
1245,78.27002834949194,79.6
1786,80.67929426863304,79.8
1836,77.74177859558925,76.6
1549,75.80815358533602,76.6
3108,78.61084322459678,79.0
2070,79.1379951904755,80.9
2257,81.13567802821841,82.5
1423,76.43192007095143,77.0
2251,77.0710885833565,78.5
260,80.75103896232106,78.9
288,77.99018053115921,77.0
991,76.52248088588847,75.6
1441,74.64103196496177,74.1
2841,79.10414676233303,78.9
2914,81.28074960237919,81.5
744,74.95762109881433,75.1
2226,77.66548233513814,76.4
1806,77.73860535922311,76.89593099
1658,77.57873331278103,76.89593099
2987,78.2980392259559,78.8
1323,82.04942549976079,83.2
2655,78.17425285037777,77.3
226,83.3461308681931,84.9
2147,74.39776861659506,73.4
236,79.8513986732361,78.4
2951,79.66989426341426,82.2
82,75.05580391416221,76.89593099
1768,80.74336661432244,80.7
2786,79.79004891155118,79.4
1708,80.39311726851369,79.9
2938,77.16764856029036,75.2
207,79.43728421042705,80.6
2044,74.88904572912202,76.3
1093,74.91967264371569,73.8
695,76.4137556066389,76.2
439,73.06253950920053,72.8
2463,73.46159377384669,72.5
3096,80.45581522104922,81.1
662,77.11384740580905,76.1
1100,74.27230034173694,73.5
1513,75.49905163385525,72.6
237,78.1621153179823,76.2
1455,75.32438800709434,73.0
2524,76.30301675296108,76.4
1569,77.01955380359901,78.5
427,76.26904519547035,75.5
2029,69.83939538384476,71.4
299,76.60001512151395,78.8
1579,76.2468731127253,76.5
714,75.76594324573466,74.2
1909,79.4294303117248,80.5
571,79.3817786872955,79.2
925,76.99361799785424,75.3
1894,73.77394222947137,73.4
605,76.64193605187243,76.5
2729,78.71693397665985,76.9
2638,76.63144752257928,76.0
137,76.37255743459843,76.2
526,77.84553466707091,79.0
475,73.4920117291262,75.4
1052,72.94642311690605,71.2
2937,76.29169823583553,75.7
2766,74.35183350088447,74.0
1009,73.88396878460262,74.3
1464,74.14763693407194,73.7
285,77.68897969630565,76.9
528,73.92724829522015,74.4
1018,70.26159390305978,70.7
2862,79.94147023638108,78.8
593,81.30437364337922,85.0
2484,75.2257930129248,75.0
2336,74.73501037073171,72.5
1698,78.9869436876521,79.7
2691,76.49069630069499,75.9
1707,77.86095200756992,79.6
1968,75.68042973680448,74.3
2216,81.35858159967613,81.7
1718,78.1495651668386,77.6
2713,78.70014672393526,78.2
412,77.32780109373029,78.1
2986,79.79203415303434,80.1
1347,79.25623268648481,80.5
2321,72.65049000219499,72.0
873,82.04938378042475,82.1
1972,72.60790189555333,73.1
1218,79.78541651556782,78.0
1346,77.37525283059846,79.4
2432,75.86763686639021,76.7
1481,73.85005634398006,73.3
1493,78.91150047294539,79.0
132,74.2295807785457,74.0
2836,77.49439165297898,77.1
2588,75.5514069496911,75.3
1146,68.98170140551979,72.0
1363,78.59143146918498,79.9
696,80.10360569488469,79.1
2961,79.06189792784066,82.4
1290,76.14837012880717,75.1
1166,74.42395736366541,74.6
1276,77.16932910452446,77.7
616,82.1163249698595,81.9
2533,77.13359200247986,78.1
1299,76.75264632956997,77.2
2925,82.46080366585858,80.6
2676,75.90711832990353,74.0
19,73.5629387792759,72.9
2828,77.13531860817777,76.0
191,79.74230074656285,79.6
1399,81.35895218975855,81.0
2838,76.32437146359088,76.4
2422,77.24184762306095,76.9
325,79.29731325454435,80.9
1911,76.02189959365253,75.6
3076,78.94184592592549,77.8
195,78.20959313849997,78.0
447,76.38163347728994,76.6
3002,76.78199334784391,76.8
198,78.92370290897824,79.0
1425,73.03543401430294,73.7
1436,78.44487653923534,77.8
24,74.77570117301119,73.8
2130,75.86100560010063,76.7
3018,73.04840638985063,73.6
2381,69.36254068710889,65.3
2913,76.30413013487751,74.8
1907,76.40871224835747,75.6
1635,77.19379038757661,83.4
2712,76.93418560053614,77.0
460,75.1548044404877,74.3
2919,78.36474495072342,78.1
2774,76.45342932794934,74.0
712,76.25790002819147,75.8
2408,71.18199556580092,68.3
1691,77.60106905962435,76.89593099
2969,82.93171440134986,82.3
2146,75.53052211871311,75.5
868,78.87027738544629,77.0
1738,78.35826345877558,78.7
2486,75.24358139144505,74.9
216,82.5812588863485,82.3
2702,78.39871871676618,77.9
2744,77.41771345786123,76.89593099
1091,72.05922453412678,69.4
599,79.96867047603716,78.9
971,77.2878282783962,75.6
2868,78.85896402385919,78.3
104,77.47876514765625,75.5
824,76.66282923832473,77.6
488,77.37237111003563,76.6
851,79.50239288746026,78.9
2180,75.43996290232037,74.8
2006,77.51161136811074,91.4
1160,74.27236666994862,76.2
753,75.96890759676467,76.6
65,69.20827438538464,69.8
302,77.6377290265886,76.8
892,76.82217082665196,76.9
2227,80.53424686542435,79.0
2282,78.41924465355407,79.0
2508,75.73153573235368,74.9
1577,75.47886185069186,73.8
2225,77.39037636325828,75.5
990,78.55964254207818,74.9
1615,70.87449447861381,70.8
815,78.3689410802028,78.1
2445,75.38298356518987,76.5
8,72.41454186421329,73.8
636,77.96407375464075,76.1
2593,74.90064283761865,74.6
2211,79.02144362304026,79.6
3045,74.62047830189557,74.7
327,79.16309309447082,80.8
2138,75.14897239383738,71.5
2291,79.4652903991418,79.7
2840,79.21399680239469,78.7
2772,77.20930629291739,76.2
3084,78.34854682876144,77.1
150,76.57537319240448,73.9
1583,73.95098589539522,74.2
1530,74.05415483488714,73.5
172,71.08567088675599,74.3
1664,78.75754974291246,75.9
193,77.67315073057384,76.3
2680,76.2775526314749,74.7
1394,78.58231652900778,80.3
728,80.58396866595386,79.2
1839,78.65656330686362,78.1
1273,73.85442158005898,75.7
1117,74.00903282732413,76.5
2187,75.81421147242828,78.1
461,76.74227176592116,76.9
1750,77.07670604055726,78.5
2161,73.8567671303815,74.2
339,76.20286162517883,77.1
2435,75.6309610981723,73.1
3000,75.09588980693334,79.8
11,73.24992874821281,74.2
283,78.45909582785012,78.3
578,79.61538617762842,79.1
2392,78.80200208344007,76.89593099
69,79.69568609920323,78.7
258,79.26430414080714,79.0
894,76.10649491237858,74.3
1832,77.27477424305087,77.1
1458,75.02255014948294,75.2
544,73.54854961257404,73.2
1636,79.59353958444754,76.7
850,78.72771994420572,78.2
1499,77.31059881428962,76.1
1663,79.19967704078562,80.4
271,79.29398870962409,76.89593099
1417,76.68936730928714,76.5
1482,72.69771941814459,70.3
1561,70.13483092752429,69.1
2555,78.93860150221444,75.8
1498,76.86550991963007,79.1
1847,78.7919526365944,78.7
118,76.09020715330949,76.1
2853,78.88928358689155,79.5
2711,72.40998434819353,87.6
2354,78.44800698050703,76.3
740,77.02378974484772,78.5
2329,74.39436955253802,74.4
410,75.389786375058,75.4
2624,75.88755014666768,75.7
1882,78.46968964920136,79.7
2418,80.06569861556947,78.5
1469,74.75558540078424,73.1
533,74.76007289017674,74.8
2897,78.58926091251747,79.4
575,78.61406338920304,80.0
1746,79.26677781819313,79.7
2193,75.41949185938856,74.0
567,77.883133178374,76.89593099
667,76.95250269681601,77.3
2915,80.14529966205757,83.9
1700,79.94387613221984,78.1
1743,79.87599895802899,83.2
3075,77.45201993773918,78.1
51,75.284412238351,74.2
2654,77.15417845502719,76.89593099
717,73.34707108053512,72.3
307,79.43233415456052,79.7
3014,71.20974899086156,68.5
2267,77.75037189303613,78.4
2113,73.99820588396315,74.1
1226,81.14569263614533,83.0
627,76.56935985330009,77.6
1737,79.11339617309999,80.2
521,74.4817243819962,76.9
387,73.12185066716488,73.9
1483,71.93884356948445,73.0
1054,74.32007271414723,74.6
113,76.59163964049644,76.1
2815,77.07982506594723,77.9
2086,73.46297827372467,72.7
2316,76.04825512518545,75.0
2052,75.83298950117128,76.9
1430,76.13405616411427,74.8
2666,77.10898495577845,78.6
1424,74.9194527084594,74.6
2167,77.67980025586117,77.0
1913,75.11869236283616,73.8
1002,75.2335189759681,75.2
487,73.21034066122279,72.7
2601,75.36433465672032,76.89593099
1162,72.46937050375462,71.6
1796,77.18744359568264,80.4
1265,75.32391158752421,74.8
90,78.39353773588519,76.89593099
2452,73.80529462416442,73.0
912,76.43352794522289,76.2
2231,79.29071970874722,79.4
2980,80.6287111552915,86.3
2731,77.916049701278,80.4
536,71.31382219921686,73.1
466,72.7222671162819,73.6
2572,76.45515050170116,76.6
1122,72.62210898652175,73.6
3085,78.08878442789764,77.7
1974,77.06619914575289,76.5
2647,75.32490079190163,74.1
789,77.84484158867372,78.2
562,77.42899814685691,77.1
36,74.93484742775699,74.1
2585,75.85331145694738,75.0
2152,76.80677404059394,73.4
655,74.90626967344619,73.6
2584,76.02733089869336,75.4
1267,76.42191023414561,77.8
1301,77.11961356704897,78.1
2319,76.42164820138028,75.1
192,82.15916581607974,82.2
1158,77.21711009221634,76.4
1103,75.22983646947425,75.0
747,76.62719413350396,76.4
2448,74.31948174878816,73.3
41,76.876699668619,77.1
1232,77.47074848764285,80.1
1521,77.11466063741149,74.8
693,79.84090895058841,79.2
585,78.38124011416924,77.1
1220,81.43735255719994,81.3
1503,77.92570557585576,78.3
1110,72.24709357919765,74.1
2939,75.59852245312722,71.3
3048,77.6392716942667,75.8
582,77.80066184799475,76.2
2998,72.80872977378377,76.5
1096,74.61749804105192,75.8
1517,74.4528223638701,74.2
1528,77.00643354417183,77.9
2681,74.45296864345028,74.5
2218,77.54952036782315,84.8
1434,74.02730279369904,74.0
3001,73.02855982967476,72.7
2633,78.71509744553535,77.5
604,78.87427364358209,80.1
3067,76.7344347561788,74.4
1566,80.59328952106081,80.2
2123,75.8914316346485,77.4
784,76.26127870191416,75.1
1165,78.25145101247624,77.8
1372,78.13429039986177,80.1
1048,76.21891347107459,75.2
1727,76.798709168919,77.4
634,78.0668872997529,81.2
834,79.28032709991508,80.0
1729,78.36839074343891,79.0
883,79.01338692256607,79.0
825,77.90062744558026,79.6
2106,74.78528691570678,75.7
200,78.0090808891574,76.5
773,75.87490906592416,76.1
3090,79.82670556659599,78.7
1306,75.95726665324642,77.5
171,73.65466517976066,74.0
561,78.07271693290609,79.5
1324,77.24228370887937,77.5
1771,81.97419776074703,80.8
2375,79.22195827571522,79.5
4,75.3347758331071,74.2
358,75.4802842651892,74.0
223,83.57790923022733,83.7
2476,71.95590227439519,73.2
2377,78.99215687906396,80.6
1359,78.17900208684017,80.9
2827,79.04961988361681,80.1
340,77.50433177166984,84.1
1293,79.92257133173177,79.9
2999,72.66213308552389,71.4
1230,80.85890131180608,79.1
1662,76.65137088422358,79.1
1277,80.27056229855408,80.8
1157,74.77676992796992,74.8
3137,78.04433141473835,76.5
2084,76.37443062505311,78.1
2264,79.7717388379982,80.1
1701,77.54378350089162,78.2
1082,76.48493981053963,76.0
1797,76.60164703847096,74.5
690,75.5406603742671,76.5
1652,77.58840445799028,76.89593099
1774,78.35825612244649,76.7
1770,80.4606415701532,79.5
225,82.18928875004255,81.8
763,77.8194411759483,77.7
540,77.84241603672619,78.1
3079,78.69722482880996,80.4
499,74.12441001426428,73.3
1942,76.7911133516568,76.3
1995,78.72828318217196,78.8
1990,78.15208436883468,81.1
2510,77.20863409465976,77.5
1763,78.68702358286212,74.4
682,77.12672184794691,76.1
1673,80.07752556833826,79.8
1820,76.72133123934601,77.0
3013,71.91416682065812,70.8
2718,77.05608560080299,76.9
617,76.0331025511651,75.8
2923,73.9719614944121,68.1
2387,78.44945183990667,76.6
1903,78.56926588885504,78.4
